{
  "v": "1.2",
  "is_auc": 0.6148164092985878,
  "oos_auc": 0.5986570800651198,
  "n": 85408
}